-- phpMyAdmin SQL Dump
-- version 4.5.1
-- http://www.phpmyadmin.net
--
-- Servidor: 127.0.0.1
-- Tiempo de generación: 24-05-2019 a las 20:45:08
-- Versión del servidor: 10.1.16-MariaDB
-- Versión de PHP: 7.0.9

SET SQL_MODE = "NO_AUTO_VALUE_ON_ZERO";
SET time_zone = "+00:00";


/*!40101 SET @OLD_CHARACTER_SET_CLIENT=@@CHARACTER_SET_CLIENT */;
/*!40101 SET @OLD_CHARACTER_SET_RESULTS=@@CHARACTER_SET_RESULTS */;
/*!40101 SET @OLD_COLLATION_CONNECTION=@@COLLATION_CONNECTION */;
/*!40101 SET NAMES utf8mb4 */;

--
-- Base de datos: `sisventas_jean`
--

-- --------------------------------------------------------

--
-- Estructura de tabla para la tabla `categories`
--

CREATE TABLE `categories` (
  `id` int(11) UNSIGNED NOT NULL,
  `name` varchar(60) NOT NULL
) ENGINE=InnoDB DEFAULT CHARSET=utf8;

--
-- Volcado de datos para la tabla `categories`
--

INSERT INTO `categories` (`id`, `name`) VALUES
(2, 'ABARROTES'),
(6, 'BEBIDAS'),
(4, 'FRUTAS'),
(9, 'LATADOS'),
(3, 'MADERAS'),
(8, 'SERIALES'),
(5, 'VERDURAS');

-- --------------------------------------------------------

--
-- Estructura de tabla para la tabla `media`
--

CREATE TABLE `media` (
  `id` int(11) UNSIGNED NOT NULL,
  `file_name` varchar(255) NOT NULL,
  `file_type` varchar(100) NOT NULL
) ENGINE=InnoDB DEFAULT CHARSET=latin1;

--
-- Volcado de datos para la tabla `media`
--

INSERT INTO `media` (`id`, `file_name`, `file_type`) VALUES
(6, 'ABARROTES', 'ABARROTES'),
(7, 'BEBIDAS', 'BEBIDAS'),
(8, 'FRUTAS', 'FRUTAS'),
(9, 'MADERAS', 'MADERAS'),
(10, 'VERDURAS', 'VERDURAS'),
(11, 'KILOS', 'KILOS'),
(12, 'ar.jpg', 'image/jpeg');

-- --------------------------------------------------------

--
-- Estructura de tabla para la tabla `products`
--

CREATE TABLE `products` (
  `id` int(11) UNSIGNED NOT NULL,
  `name` varchar(255) NOT NULL,
  `quantity` varchar(50) DEFAULT NULL,
  `buy_price` decimal(25,2) DEFAULT NULL,
  `sale_price` decimal(25,2) NOT NULL,
  `categorie_id` int(11) UNSIGNED NOT NULL,
  `media_id` int(11) DEFAULT '0',
  `date` datetime NOT NULL
) ENGINE=InnoDB DEFAULT CHARSET=utf8;

--
-- Volcado de datos para la tabla `products`
--

INSERT INTO `products` (`id`, `name`, `quantity`, `buy_price`, `sale_price`, `categorie_id`, `media_id`, `date`) VALUES
(1, 'ARROZ', '-8', '4.00', '6.00', 2, 6, '2018-08-06 02:12:15'),
(2, 'MANZANA', '12', '1.00', '12.00', 2, 11, '2018-08-28 17:19:13'),
(3, 'AZUCAR', '0', '3.00', '4.00', 2, 11, '2019-05-14 18:34:14'),
(4, 'ATUN', '0', '55.00', '55.00', 9, 12, '2019-05-14 19:11:11');

-- --------------------------------------------------------

--
-- Estructura de tabla para la tabla `sales`
--

CREATE TABLE `sales` (
  `id` int(11) UNSIGNED NOT NULL,
  `product_id` int(11) UNSIGNED NOT NULL,
  `qty` int(11) NOT NULL,
  `price` decimal(25,2) NOT NULL,
  `date` date NOT NULL
) ENGINE=InnoDB DEFAULT CHARSET=utf8;

--
-- Volcado de datos para la tabla `sales`
--

INSERT INTO `sales` (`id`, `product_id`, `qty`, `price`, `date`) VALUES
(1, 1, 6, '36.00', '2018-08-06'),
(2, 1, 6, '36.00', '2018-08-28'),
(3, 3, 1, '4.00', '2019-05-14'),
(4, 1, 1, '6.00', '2019-05-14'),
(5, 4, 1, '55.00', '2019-05-14');

-- --------------------------------------------------------

--
-- Estructura de tabla para la tabla `users`
--

CREATE TABLE `users` (
  `id` int(11) UNSIGNED NOT NULL,
  `name` varchar(60) NOT NULL,
  `username` varchar(50) NOT NULL,
  `password` varchar(255) NOT NULL,
  `user_level` int(11) NOT NULL,
  `image` varchar(255) DEFAULT 'no_image.jpg',
  `status` int(1) NOT NULL,
  `last_login` datetime DEFAULT NULL
) ENGINE=InnoDB DEFAULT CHARSET=latin1;

--
-- Volcado de datos para la tabla `users`
--

INSERT INTO `users` (`id`, `name`, `username`, `password`, `user_level`, `image`, `status`, `last_login`) VALUES
(1, 'JEAN ARANGO Ã‘AHUINCOPA', 'Jean', '4d03b08b2cdc95edf9f62f1102c1d8004432f405', 1, '6hkq17b71.jpg', 1, '2019-05-24 18:43:24'),
(2, 'JEAN ALVAREZ ARANGO', 'JUAN', '40bd001563085fc35165329ea1ff5c5ecbdbbeef', 1, 'no_image.jpg', 1, NULL);

-- --------------------------------------------------------

--
-- Estructura de tabla para la tabla `user_groups`
--

CREATE TABLE `user_groups` (
  `id` int(11) NOT NULL,
  `group_name` varchar(150) NOT NULL,
  `group_level` int(11) NOT NULL,
  `group_status` int(1) NOT NULL
) ENGINE=InnoDB DEFAULT CHARSET=latin1;

--
-- Volcado de datos para la tabla `user_groups`
--

INSERT INTO `user_groups` (`id`, `group_name`, `group_level`, `group_status`) VALUES
(1, 'JEAN', 1, 1);

--
-- Índices para tablas volcadas
--

--
-- Indices de la tabla `categories`
--
ALTER TABLE `categories`
  ADD PRIMARY KEY (`id`),
  ADD UNIQUE KEY `name` (`name`);

--
-- Indices de la tabla `media`
--
ALTER TABLE `media`
  ADD PRIMARY KEY (`id`),
  ADD KEY `id` (`id`);

--
-- Indices de la tabla `products`
--
ALTER TABLE `products`
  ADD PRIMARY KEY (`id`),
  ADD UNIQUE KEY `name` (`name`),
  ADD KEY `categorie_id` (`categorie_id`),
  ADD KEY `media_id` (`media_id`);

--
-- Indices de la tabla `sales`
--
ALTER TABLE `sales`
  ADD PRIMARY KEY (`id`),
  ADD KEY `product_id` (`product_id`);

--
-- Indices de la tabla `users`
--
ALTER TABLE `users`
  ADD PRIMARY KEY (`id`),
  ADD UNIQUE KEY `username` (`username`),
  ADD KEY `user_level` (`user_level`);

--
-- Indices de la tabla `user_groups`
--
ALTER TABLE `user_groups`
  ADD PRIMARY KEY (`id`),
  ADD UNIQUE KEY `group_level` (`group_level`);

--
-- AUTO_INCREMENT de las tablas volcadas
--

--
-- AUTO_INCREMENT de la tabla `categories`
--
ALTER TABLE `categories`
  MODIFY `id` int(11) UNSIGNED NOT NULL AUTO_INCREMENT, AUTO_INCREMENT=10;
--
-- AUTO_INCREMENT de la tabla `media`
--
ALTER TABLE `media`
  MODIFY `id` int(11) UNSIGNED NOT NULL AUTO_INCREMENT, AUTO_INCREMENT=13;
--
-- AUTO_INCREMENT de la tabla `products`
--
ALTER TABLE `products`
  MODIFY `id` int(11) UNSIGNED NOT NULL AUTO_INCREMENT, AUTO_INCREMENT=5;
--
-- AUTO_INCREMENT de la tabla `sales`
--
ALTER TABLE `sales`
  MODIFY `id` int(11) UNSIGNED NOT NULL AUTO_INCREMENT, AUTO_INCREMENT=6;
--
-- AUTO_INCREMENT de la tabla `users`
--
ALTER TABLE `users`
  MODIFY `id` int(11) UNSIGNED NOT NULL AUTO_INCREMENT, AUTO_INCREMENT=3;
--
-- AUTO_INCREMENT de la tabla `user_groups`
--
ALTER TABLE `user_groups`
  MODIFY `id` int(11) NOT NULL AUTO_INCREMENT, AUTO_INCREMENT=2;
--
-- Restricciones para tablas volcadas
--

--
-- Filtros para la tabla `products`
--
ALTER TABLE `products`
  ADD CONSTRAINT `FK_products` FOREIGN KEY (`categorie_id`) REFERENCES `categories` (`id`) ON DELETE CASCADE ON UPDATE CASCADE;

--
-- Filtros para la tabla `sales`
--
ALTER TABLE `sales`
  ADD CONSTRAINT `SK` FOREIGN KEY (`product_id`) REFERENCES `products` (`id`) ON DELETE CASCADE ON UPDATE CASCADE;

--
-- Filtros para la tabla `users`
--
ALTER TABLE `users`
  ADD CONSTRAINT `FK_user` FOREIGN KEY (`user_level`) REFERENCES `user_groups` (`group_level`) ON DELETE CASCADE ON UPDATE CASCADE;

/*!40101 SET CHARACTER_SET_CLIENT=@OLD_CHARACTER_SET_CLIENT */;
/*!40101 SET CHARACTER_SET_RESULTS=@OLD_CHARACTER_SET_RESULTS */;
/*!40101 SET COLLATION_CONNECTION=@OLD_COLLATION_CONNECTION */;
